acl	2.3.1-4.el9.x86_64
alternatives	1.24-2.el9.x86_64
attr	2.5.1-3.el9.x86_64
audit	3.1.5-7.el9.x86_64
audit-libs	3.1.5-7.el9.x86_64
authselect	1.2.6-3.el9.x86_64
authselect-compat	1.2.6-3.el9.x86_64
authselect-libs	1.2.6-3.el9.x86_64
autoconf	2.69-41.el9.noarch
automake	1.16.2-8.el9.noarch
avahi-libs	0.8-23.el9.x86_64
basesystem	11-13.el9.0.1.noarch
bash	5.1.8-9.el9.x86_64
bash-completion	2.11-5.el9.noarch
bind-libs	9.16.23-34.el9_7.1.x86_64
bind-license	9.16.23-34.el9_7.1.noarch
bind-utils	9.16.23-34.el9_7.1.x86_64
binutils	2.35.2-67.el9_7.1.x86_64
binutils-gold	2.35.2-67.el9_7.1.x86_64
bison	3.7.4-5.el9.x86_64
bzip2-libs	1.0.8-10.el9_5.x86_64
ca-certificates	2025.2.80_v9.0.305-91.el9.noarch
c-ares	1.19.1-2.el9_4.x86_64
chrony	4.6.1-2.el9.x86_64
cmake	3.26.5-3.el9_7.x86_64
cmake-data	3.26.5-3.el9_7.noarch
cmake-filesystem	3.26.5-3.el9_7.x86_64
cmake-rpm-macros	3.26.5-3.el9_7.noarch
coreutils	8.32-39.el9.x86_64
coreutils-common	8.32-39.el9.x86_64
cpio	2.13-16.el9.x86_64
cpp	11.5.0-11.el9.x86_64
cracklib	2.9.6-27.el9.x86_64
cracklib-dicts	2.9.6-27.el9.x86_64
cronie	1.5.7-15.el9.x86_64
cronie-anacron	1.5.7-15.el9.x86_64
crontabs	1.11-27.20190603git.el9.noarch
crypto-policies	20250905-1.git377cc42.el9.noarch
crypto-policies-scripts	20250905-1.git377cc42.el9.noarch
cryptsetup-libs	2.7.2-4.el9.x86_64
curl	7.76.1-35.el9_7.3.x86_64
cyrus-sasl-lib	2.1.27-21.el9.x86_64
dbus	1.12.20-8.el9.x86_64
dbus-broker	28-7.el9.x86_64
dbus-common	1.12.20-8.el9.noarch
dbus-libs	1.12.20-8.el9.x86_64
dbus-tools	1.12.20-8.el9.x86_64
dejavu-sans-fonts	2.37-18.el9.noarch
device-mapper	1.02.206-2.el9_7.1.x86_64
device-mapper-event	1.02.206-2.el9_7.1.x86_64
device-mapper-event-libs	1.02.206-2.el9_7.1.x86_64
device-mapper-libs	1.02.206-2.el9_7.1.x86_64
device-mapper-persistent-data	1.1.0-1.el9.x86_64
diffutils	3.7-12.el9.x86_64
dmidecode	3.6-1.el9.x86_64
dnf	4.14.0-31.el9.rocky.0.1.noarch
dnf-data	4.14.0-31.el9.rocky.0.1.noarch
dnf-plugins-core	4.3.0-24.el9_7.noarch
dos2unix	7.4.2-4.el9.x86_64
dracut	057-104.git20250919.el9_7.x86_64
dracut-config-rescue	057-104.git20250919.el9_7.x86_64
dracut-network	057-104.git20250919.el9_7.x86_64
dracut-squash	057-104.git20250919.el9_7.x86_64
e2fsprogs	1.46.5-8.el9.x86_64
e2fsprogs-libs	1.46.5-8.el9.x86_64
ed	1.14.2-12.el9.x86_64
elfutils-debuginfod-client	0.193-1.el9.rocky.0.1.x86_64
elfutils-default-yama-scope	0.193-1.el9.rocky.0.1.noarch
elfutils-libelf	0.193-1.el9.rocky.0.1.x86_64
elfutils-libelf-devel	0.193-1.el9.rocky.0.1.x86_64
elfutils-libs	0.193-1.el9.rocky.0.1.x86_64
emacs-filesystem	27.2-18.el9.noarch
epel-release	9-10.el9.noarch
ethtool	6.15-2.el9.x86_64
expat	2.5.0-5.el9_7.1.x86_64
file	5.39-16.el9.x86_64
file-libs	5.39-16.el9.x86_64
filesystem	3.16-5.el9.x86_64
findutils	4.8.0-7.el9.x86_64
firewalld	1.3.4-18.el9_7.noarch
firewalld-filesystem	1.3.4-18.el9_7.noarch
flex	2.6.4-9.el9.x86_64
fonts-filesystem	2.0.5-7.el9.1.noarch
freetype	2.10.4-10.el9_5.x86_64
fstrm	0.6.1-3.el9.x86_64
fuse-libs	2.9.9-17.el9.x86_64
gawk	5.1.0-6.el9.x86_64
gawk-all-langpacks	5.1.0-6.el9.x86_64
gcc	11.5.0-11.el9.x86_64
gcc-c++	11.5.0-11.el9.x86_64
gdbm-libs	1.23-1.el9.x86_64
gettext	0.21-8.el9.x86_64
gettext-libs	0.21-8.el9.x86_64
glib2	2.68.4-18.el9_7.1.x86_64
glibc	2.34-231.el9_7.10.x86_64
glibc-common	2.34-231.el9_7.10.x86_64
glibc-devel	2.34-231.el9_7.10.x86_64
glibc-gconv-extra	2.34-231.el9_7.10.x86_64
glibc-headers	2.34-231.el9_7.10.x86_64
glibc-langpack-en	2.34-231.el9_7.10.x86_64
gmp	6.2.0-13.el9.x86_64
gnupg2	2.3.3-5.el9_7.x86_64
gnutls	3.8.3-10.el9_7.x86_64
gobject-introspection	1.68.0-11.el9.x86_64
gpgme	1.15.1-6.el9.x86_64
gpg-pubkey	3228467c-613798eb.(none)
gpg-pubkey	350d275d-6279464b.(none)
gpm-libs	1.20.7-29.el9.x86_64
graphite2	1.3.14-9.el9.x86_64
grep	3.6-5.el9.x86_64
groff-base	1.22.4-10.el9.0.1.x86_64
grub2-common	2.06-114.el9_7.0.1.noarch
grub2-pc	2.06-114.el9_7.0.1.x86_64
grub2-pc-modules	2.06-114.el9_7.0.1.noarch
grub2-tools	2.06-114.el9_7.0.1.x86_64
grub2-tools-efi	2.06-114.el9_7.0.1.x86_64
grub2-tools-extra	2.06-114.el9_7.0.1.x86_64
grub2-tools-minimal	2.06-114.el9_7.0.1.x86_64
grubby	8.40-68.el9.x86_64
gzip	1.12-1.el9.x86_64
harfbuzz	2.7.4-10.el9.x86_64
haveged	1.9.18-1.el9.x86_64
hdparm	9.62-2.el9.x86_64
hostname	3.23-6.el9.x86_64
hwdata	0.348-9.20.el9.noarch
ima-evm-utils	1.6.2-2.el9.rocky.0.2.x86_64
info	6.7-15.el9.x86_64
inih	49-6.el9.x86_64
initscripts-rename-device	10.11.8-4.el9.x86_64
initscripts-service	10.11.8-4.el9.noarch
iproute	6.14.0-2.el9.x86_64
iproute-tc	6.14.0-2.el9.x86_64
ipset	7.11-11.el9_5.x86_64
ipset-libs	7.11-11.el9_5.x86_64
iptables-libs	1.8.10-11.el9_5.x86_64
iptables-nft	1.8.10-11.el9_5.x86_64
iputils	20210202-15.el9.x86_64
irqbalance	1.9.4-4.el9.x86_64
jansson	2.14-1.el9.0.1.x86_64
jq	1.6-19.el9.x86_64
json-c	0.14-11.el9.x86_64
kbd	2.4.0-11.el9.x86_64
kbd-legacy	2.4.0-11.el9.noarch
kbd-misc	2.4.0-11.el9.noarch
kernel	5.14.0-362.13.1.el9_3.x86_64
kernel	5.14.0-611.36.1.el9_7.x86_64
kernel-core	5.14.0-362.13.1.el9_3.x86_64
kernel-core	5.14.0-611.36.1.el9_7.x86_64
kernel-devel	5.14.0-362.13.1.el9_3.x86_64
kernel-devel	5.14.0-611.36.1.el9_7.x86_64
kernel-headers	5.14.0-611.36.1.el9_7.x86_64
kernel-modules	5.14.0-362.13.1.el9_3.x86_64
kernel-modules	5.14.0-611.36.1.el9_7.x86_64
kernel-modules-core	5.14.0-362.13.1.el9_3.x86_64
kernel-modules-core	5.14.0-611.36.1.el9_7.x86_64
kernel-tools	5.14.0-611.36.1.el9_7.x86_64
kernel-tools-libs	5.14.0-611.36.1.el9_7.x86_64
kexec-tools	2.0.29-10.el9.x86_64
keyutils	1.6.3-1.el9.x86_64
keyutils-libs	1.6.3-1.el9.x86_64
kmod	28-11.el9.x86_64
kmod-libs	28-11.el9.x86_64
kpartx	0.8.7-39.el9_7.1.x86_64
krb5-libs	1.21.1-8.el9_6.x86_64
langpacks-core-en	3.0-16.el9.noarch
langpacks-core-font-en	3.0-16.el9.noarch
langpacks-en	3.0-16.el9.noarch
less	590-6.el9.x86_64
libacl	2.3.1-4.el9.x86_64
libaio	0.3.111-13.el9.x86_64
libarchive	3.5.3-6.el9_6.x86_64
libassuan	2.5.5-3.el9.x86_64
libattr	2.5.1-3.el9.x86_64
libbabeltrace	1.5.8-10.el9.x86_64
libbasicobjects	0.1.1-53.el9.x86_64
libblkid	2.37.4-21.el9_7.x86_64
libbpf	1.5.0-2.el9.x86_64
libbrotli	1.0.9-9.el9_7.x86_64
libcap	2.48-10.el9.x86_64
libcap-ng	0.8.2-7.el9.x86_64
libcap-ng-python3	0.8.2-7.el9.x86_64
libcbor	0.7.0-5.el9.x86_64
libcollection	0.7.0-53.el9.x86_64
libcom_err	1.46.5-8.el9.x86_64
libcomps	0.1.18-1.el9.x86_64
libcurl	7.76.1-35.el9_7.3.x86_64
libdaemon	0.14-23.el9.x86_64
libdb	5.3.28-57.el9_6.x86_64
libdhash	0.5.0-53.el9.x86_64
libdnf	0.69.0-17.el9_7.rocky.0.1.x86_64
libeconf	0.4.1-4.el9.x86_64
libedit	3.1-38.20210216cvs.el9.x86_64
libestr	0.1.11-4.el9.x86_64
libevent	2.1.12-8.el9_4.x86_64
libfastjson	0.99.9-5.el9.x86_64
libfdisk	2.37.4-21.el9_7.x86_64
libffi	3.4.2-8.el9.x86_64
libfido2	1.13.0-2.el9.x86_64
libgcc	11.5.0-11.el9.x86_64
libgcrypt	1.10.0-11.el9.x86_64
libgomp	11.5.0-11.el9.x86_64
libgpg-error	1.42-5.el9.x86_64
libibverbs	57.0-2.el9.x86_64
libidn2	2.3.0-7.el9.x86_64
libini_config	1.3.1-53.el9.x86_64
libkcapi	1.4.0-2.el9.x86_64
libkcapi-hmaccalc	1.4.0-2.el9.x86_64
libksba	1.5.1-7.el9.x86_64
libldb	4.22.4-18.el9_7.x86_64
libmaxminddb	1.5.2-4.el9.x86_64
libmnl	1.0.4-16.el9_4.x86_64
libmodulemd	2.13.0-2.el9.x86_64
libmount	2.37.4-21.el9_7.x86_64
libmpc	1.2.1-4.el9.x86_64
libndp	1.9-1.el9.x86_64
libnetfilter_conntrack	1.0.9-1.el9.x86_64
libnfnetlink	1.0.1-23.el9_5.x86_64
libnftnl	1.2.6-4.el9_4.x86_64
libnghttp2	1.43.0-6.el9.x86_64
libnl3	3.11.0-1.el9.x86_64
libnl3-cli	3.11.0-1.el9.x86_64
libnvme	1.13-1.el9.x86_64
libpath_utils	0.2.1-53.el9.x86_64
libpcap	1.10.0-4.el9.x86_64
libpipeline	1.5.3-4.el9.x86_64
libpkgconf	1.7.3-10.el9.x86_64
libpng	1.6.37-12.el9_7.2.x86_64
libpsl	0.21.1-5.el9.x86_64
libpwquality	1.4.4-8.el9.x86_64
libref_array	0.1.5-53.el9.x86_64
librepo	1.14.5-3.el9.x86_64
libreport-filesystem	2.15.2-6.el9.rocky.0.2.noarch
libseccomp	2.5.2-2.el9.x86_64
libselinux	3.6-3.el9.x86_64
libselinux-utils	3.6-3.el9.x86_64
libsemanage	3.6-5.el9_6.x86_64
libsepol	3.6-3.el9.x86_64
libsigsegv	2.13-4.el9.x86_64
libsmartcols	2.37.4-21.el9_7.x86_64
libsolv	0.7.24-3.el9.x86_64
libss	1.46.5-8.el9.x86_64
libssh	0.10.4-17.el9_7.x86_64
libssh-config	0.10.4-17.el9_7.noarch
libsss_certmap	2.9.7-4.el9_7.1.x86_64
libsss_idmap	2.9.7-4.el9_7.1.x86_64
libsss_nss_idmap	2.9.7-4.el9_7.1.x86_64
libsss_sudo	2.9.7-4.el9_7.1.x86_64
libstdc++	11.5.0-11.el9.x86_64
libstdc++-devel	11.5.0-11.el9.x86_64
libsysfs	2.1.1-11.el9.x86_64
libtalloc	2.4.3-1.el9.x86_64
libtasn1	4.16.0-9.el9.x86_64
libtdb	1.4.13-1.el9.x86_64
libteam	1.31-16.el9_1.x86_64
libtevent	0.16.2-1.el9.x86_64
libtirpc	1.3.3-9.el9.x86_64
libtool	2.4.6-46.el9.x86_64
libtool-ltdl	2.4.6-46.el9.x86_64
libtraceevent	1.8.4-2.el9.x86_64
libunistring	0.9.10-15.el9.x86_64
liburing	2.5-1.el9.x86_64
libuser	0.63-17.el9.x86_64
libutempter	1.2.1-6.el9.x86_64
libuuid	2.37.4-21.el9_7.x86_64
libuv	1.42.0-2.el9_4.x86_64
libverto	0.3.2-3.el9.x86_64
libxcrypt	4.4.18-3.el9.x86_64
libxcrypt-compat	4.4.18-3.el9.x86_64
libxcrypt-devel	4.4.18-3.el9.x86_64
libxml2	2.9.13-14.el9_7.x86_64
libyaml	0.2.5-7.el9.x86_64
libzstd	1.5.5-1.el9.x86_64
libzstd-devel	1.5.5-1.el9.x86_64
linux-firmware	20260130-155.3.el9_7.noarch
linux-firmware-whence	20260130-155.3.el9_7.noarch
lmdb-libs	0.9.29-3.el9.x86_64
lm_sensors-libs	3.6.0-10.el9.x86_64
logrotate	3.18.0-12.el9.x86_64
lshw	B.02.20-2.el9.x86_64
lsof	4.94.0-3.el9.x86_64
lsscsi	0.32-6.el9.x86_64
lua-libs	5.4.4-4.el9.x86_64
lvm2	2.03.32-2.el9_7.1.x86_64
lvm2-libs	2.03.32-2.el9_7.1.x86_64
lz4-libs	1.9.3-5.el9.x86_64
lzo	2.10-7.el9.x86_64
m4	1.4.19-1.el9.x86_64
make	4.3-8.el9.x86_64
man-db	2.9.3-9.el9.x86_64
man-pages	6.04-9.el9_7.noarch
man-pages-overrides	9.0.0.0-1.el9.0.1.noarch
mlocate	0.26-30.el9.x86_64
mpfr	4.1.0-7.el9.x86_64
ncurses	6.2-12.20210508.el9.x86_64
ncurses-base	6.2-12.20210508.el9.noarch
ncurses-c++-libs	6.2-12.20210508.el9.x86_64
ncurses-devel	6.2-12.20210508.el9.x86_64
ncurses-libs	6.2-12.20210508.el9.x86_64
nettle	3.10.1-1.el9.x86_64
net-tools	2.0-0.64.20160912git.el9.x86_64
NetworkManager	1.54.0-3.el9_7.x86_64
NetworkManager-libnm	1.54.0-3.el9_7.x86_64
NetworkManager-team	1.54.0-3.el9_7.x86_64
NetworkManager-tui	1.54.0-3.el9_7.x86_64
newt	0.52.21-11.el9.x86_64
nftables	1.0.9-6.el9_7.x86_64
npth	1.6-8.el9.x86_64
numactl-libs	2.0.19-3.el9.x86_64
oddjob	0.34.7-7.el9.x86_64
oddjob-mkhomedir	0.34.7-7.el9.x86_64
oniguruma	6.9.6-1.el9.6.x86_64
openldap	2.6.8-4.el9.0.1.x86_64
openssh	8.7p1-47.el9_7.rocky.0.1.x86_64
openssh-clients	8.7p1-47.el9_7.rocky.0.1.x86_64
openssh-server	8.7p1-47.el9_7.rocky.0.1.x86_64
openssl	3.5.1-7.el9_7.x86_64
openssl-devel	3.5.1-7.el9_7.x86_64
openssl-fips-provider	3.5.1-7.el9_7.x86_64
openssl-libs	3.5.1-7.el9_7.x86_64
os-prober	1.77-12.el9_5.x86_64
p11-kit	0.25.3-3.el9_5.x86_64
p11-kit-trust	0.25.3-3.el9_5.x86_64
pam	1.5.1-26.el9_6.x86_64
parted	3.5-3.el9.x86_64
passwd	0.80-12.el9.x86_64
patch	2.7.6-16.el9.x86_64
pciutils-libs	3.7.0-7.el9.x86_64
pcp-conf	6.3.7-5.el9.x86_64
pcp-libs	6.3.7-5.el9.x86_64
pcre2	10.40-6.el9.x86_64
pcre2-syntax	10.40-6.el9.noarch
pcre	8.44-4.el9.x86_64
perl-AutoLoader	5.74-481.1.el9_6.noarch
perl-B	1.80-481.1.el9_6.x86_64
perl-base	2.27-481.1.el9_6.noarch
perl-Carp	1.50-460.el9.0.1.noarch
perl-Class-Struct	0.66-481.1.el9_6.noarch
perl-constant	1.33-461.el9.0.1.noarch
perl-Data-Dumper	2.174-462.el9.x86_64
perl-Digest	1.19-4.el9.0.1.noarch
perl-Digest-MD5	2.58-4.el9.x86_64
perl-DynaLoader	1.47-481.1.el9_6.x86_64
perl-Encode	3.08-462.el9.x86_64
perl-Errno	1.30-481.1.el9_6.x86_64
perl-Exporter	5.74-461.el9.noarch
perl-Fcntl	1.13-481.1.el9_6.x86_64
perl-File-Basename	2.85-481.1.el9_6.noarch
perl-File-Compare	1.100.600-481.1.el9_6.noarch
perl-File-Copy	2.34-481.1.el9_6.noarch
perl-File-Find	1.37-481.1.el9_6.noarch
perl-FileHandle	2.03-481.1.el9_6.noarch
perl-File-Path	2.18-4.el9.noarch
perl-File-stat	1.09-481.1.el9_6.noarch
perl-File-Temp	0.231.100-4.el9.noarch
perl-Getopt-Long	2.52-4.el9.noarch
perl-Getopt-Std	1.12-481.1.el9_6.noarch
perl-HTTP-Tiny	0.076-462.el9.noarch
perl-if	0.60.800-481.1.el9_6.noarch
perl-interpreter	5.32.1-481.1.el9_6.x86_64
perl-IO	1.43-481.1.el9_6.x86_64
perl-IO-Socket-IP	0.41-5.el9.noarch
perl-IO-Socket-SSL	2.073-2.el9.noarch
perl-IPC-Open3	1.21-481.1.el9_6.noarch
perl-libnet	3.13-4.el9.noarch
perl-libs	5.32.1-481.1.el9_6.x86_64
perl-MIME-Base64	3.16-4.el9.x86_64
perl-Mozilla-CA	20200520-6.el9.noarch
perl-mro	1.23-481.1.el9_6.x86_64
perl-NDBM_File	1.15-481.1.el9_6.x86_64
perl-Net-SSLeay	1.94-3.el9.x86_64
perl-overload	1.31-481.1.el9_6.noarch
perl-overloading	0.02-481.1.el9_6.noarch
perl-parent	0.238-460.el9.noarch
perl-PathTools	3.78-461.el9.x86_64
perl-Pod-Escapes	1.07-460.el9.0.1.noarch
perl-podlators	4.14-460.el9.0.1.noarch
perl-Pod-Perldoc	3.28.01-461.el9.noarch
perl-Pod-Simple	3.42-4.el9.noarch
perl-Pod-Usage	2.01-4.el9.noarch
perl-POSIX	1.94-481.1.el9_6.x86_64
perl-Scalar-List-Utils	1.56-462.el9.x86_64
perl-SelectSaver	1.02-481.1.el9_6.noarch
perl-Socket	2.031-4.el9.x86_64
perl-Storable	3.21-460.el9.x86_64
perl-subs	1.03-481.1.el9_6.noarch
perl-Symbol	1.08-481.1.el9_6.noarch
perl-Term-ANSIColor	5.01-461.el9.0.1.noarch
perl-Term-Cap	1.17-460.el9.0.1.noarch
perl-Text-ParseWords	3.30-460.el9.noarch
perl-Text-Tabs+Wrap	2013.0523-460.el9.0.1.noarch
perl-Thread-Queue	3.14-460.el9.0.1.noarch
perl-threads	2.25-460.el9.x86_64
perl-threads-shared	1.61-460.el9.0.1.x86_64
perl-Time-Local	1.300-7.el9.noarch
perl-URI	5.09-3.el9.0.1.noarch
perl-vars	1.05-481.1.el9_6.noarch
pigz	2.8-1.el9.x86_64
pkgconf	1.7.3-10.el9.x86_64
pkgconf-m4	1.7.3-10.el9.noarch
pkgconf-pkg-config	1.7.3-10.el9.x86_64
policycoreutils	3.6-3.el9.x86_64
polkit	0.117-14.el9.x86_64
polkit-libs	0.117-14.el9.x86_64
polkit-pkla-compat	0.1-21.el9.x86_64
popt	1.18-8.el9.x86_64
prefixdevname	0.1.0-8.el9.x86_64
procps-ng	3.3.17-14.el9.x86_64
protobuf-c	1.3.3-13.el9.x86_64
psmisc	23.4-3.el9.x86_64
publicsuffix-list-dafsa	20210518-3.el9.noarch
python3	3.9.25-3.el9_7.1.x86_64
python3-dateutil	2.9.0.post0-1.el9_7.noarch
python3-dbus	1.2.18-2.el9.0.1.x86_64
python3-dnf	4.14.0-31.el9.rocky.0.1.noarch
python3-dnf-plugins-core	4.3.0-24.el9_7.noarch
python3-firewall	1.3.4-18.el9_7.noarch
python3-gobject-base	3.40.1-6.el9.x86_64
python3-gobject-base-noarch	3.40.1-6.el9.noarch
python3-gpg	1.15.1-6.el9.x86_64
python3-hawkey	0.69.0-17.el9_7.rocky.0.1.x86_64
python3-inotify	0.9.6-25.el9.0.1.noarch
python3-libcomps	0.1.18-1.el9.x86_64
python3-libdnf	0.69.0-17.el9_7.rocky.0.1.x86_64
python3-libs	3.9.25-3.el9_7.1.x86_64
python3-libselinux	3.6-3.el9.x86_64
python3-linux-procfs	0.7.3-1.el9.noarch
python3-nftables	1.0.9-6.el9_7.x86_64
python3-perf	5.14.0-611.36.1.el9_7.x86_64
python3-pip-wheel	21.3.1-1.el9.noarch
python3-pyudev	0.22.0-6.el9.0.1.noarch
python3-rpm	4.16.1.3-39.el9.x86_64
python3-setuptools	53.0.0-15.el9.noarch
python3-setuptools-wheel	53.0.0-15.el9.noarch
python3-six	1.15.0-9.el9.noarch
python3-systemd	234-19.el9.x86_64
python-unversioned-command	3.9.25-3.el9_7.1.noarch
qemu-guest-agent	9.1.0-29.el9_7.6.x86_64
readline	8.1-4.el9.x86_64
rocky-gpg-keys	9.7-1.4.el9.noarch
rocky-release	9.7-1.4.el9.noarch
rocky-repos	9.7-1.4.el9.noarch
rootfiles	8.1-35.el9.noarch
rpm	4.16.1.3-39.el9.x86_64
rpm-build-libs	4.16.1.3-39.el9.x86_64
rpm-libs	4.16.1.3-39.el9.x86_64
rpm-plugin-audit	4.16.1.3-39.el9.x86_64
rpm-plugin-selinux	4.16.1.3-39.el9.x86_64
rpm-plugin-systemd-inhibit	4.16.1.3-39.el9.x86_64
rpm-sign-libs	4.16.1.3-39.el9.x86_64
rsync	3.2.5-3.el9.x86_64
rsyslog	8.2506.0-2.el9.x86_64
rsyslog-logrotate	8.2506.0-2.el9.x86_64
sed	4.8-9.el9.x86_64
selinux-policy	38.1.65-1.el9_7.1.noarch
selinux-policy-targeted	38.1.65-1.el9_7.1.noarch
setup	2.13.7-10.el9.noarch
sg3_utils	1.47-10.el9.x86_64
sg3_utils-libs	1.47-10.el9.x86_64
shadow-utils	4.9-15.el9.x86_64
slang	2.3.2-11.el9.x86_64
snappy	1.1.8-8.el9.0.1.x86_64
sqlite-libs	3.34.1-9.el9_7.x86_64
squashfs-tools	4.4-10.git1.el9.x86_64
sssd-client	2.9.7-4.el9_7.1.x86_64
sssd-common	2.9.7-4.el9_7.1.x86_64
sssd-kcm	2.9.7-4.el9_7.1.x86_64
sudo	1.9.5p2-13.el9.x86_64
sysstat	12.5.4-9.el9.x86_64
systemd	252-55.el9_7.7.rocky.0.1.x86_64
systemd-libs	252-55.el9_7.7.rocky.0.1.x86_64
systemd-pam	252-55.el9_7.7.rocky.0.1.x86_64
systemd-rpm-macros	252-55.el9_7.7.rocky.0.1.noarch
systemd-udev	252-55.el9_7.7.rocky.0.1.x86_64
tar	1.34-9.el9_7.x86_64
teamd	1.31-16.el9_1.x86_64
telnet	0.17-85.el9.x86_64
tpm2-tss	3.2.3-1.el9.x86_64
tuned	2.26.0-1.el9.noarch
tzdata	2025c-1.el9.noarch
userspace-rcu	0.12.1-6.el9.x86_64
util-linux	2.37.4-21.el9_7.x86_64
util-linux-core	2.37.4-21.el9_7.x86_64
vim-common	8.2.2637-23.el9_7.x86_64
vim-enhanced	8.2.2637-23.el9_7.x86_64
vim-filesystem	8.2.2637-23.el9_7.noarch
vim-minimal	8.2.2637-23.el9_7.x86_64
virt-what	1.27-2.el9.x86_64
wget	1.21.1-8.el9_4.x86_64
which	2.21-30.el9_6.x86_64
xfsprogs	6.4.0-7.el9.x86_64
xz	5.2.5-8.el9_0.x86_64
xz-libs	5.2.5-8.el9_0.x86_64
yum	4.14.0-31.el9.rocky.0.1.noarch
yum-utils	4.3.0-24.el9_7.noarch
zlib	1.2.11-40.el9.x86_64
zlib-devel	1.2.11-40.el9.x86_64
